{"cameraMode":{"drawMode":0,"name":"Shaded","section":"Shading Mode"},"sceneLighting":false,"audioPlay":false,"sceneViewState":{"m_AlwaysRefresh":false,"showFog":true,"showSkybox":false,"showFlares":true,"showImageEffects":true,"showParticleSystems":true,"showVisualEffectGraphs":true,"m_FxEnabled":true},"in2DMode":false,"pivot":{"x":-0.05743928998708725,"y":0.10775215923786164,"z":0.03041062131524086},"rotation":{"x":0.17337535321712495,"y":0.27370622754096987,"z":-0.05023052170872688,"w":0.9447238445281982},"size":0.27028653025627139,"orthographic":true}